{"cameraMode":{"drawMode":0,"name":"Shaded","section":"Shading Mode"},"sceneLighting":true,"audioPlay":false,"sceneViewState":{"showFog":true,"showMaterialUpdate":false,"showSkybox":true,"showFlares":true,"showImageEffects":true,"showParticleSystems":true},"in2DMode":false,"pivot":{"x":-0.3096123933792114,"y":-0.13400234282016755,"z":-4.598384380340576},"rotation":{"x":0.3505610525608063,"y":0.03931785747408867,"z":-0.014732412993907929,"w":0.9355982542037964},"size":24.88064956665039,"orthographic":true}